system_name,pdb_id,ligand_name
1AKI_None,1AKI,
1BXH_MMA,1BXH,MMA
1BXH_None,1BXH,
1C5S_ESX,1C5S,ESX
1C5S_None,1C5S,
1C9W_NAP,1C9W,NAP
1D4H_BEH,1D4H,BEH
1D4H_None,1D4H,
1D4I_BEG,1D4I,BEG
1D4J_MSC,1D4J,MSC
1D5C_GDP,1D5C,GDP
1DY4_SNP,1DY4,SNP
1EBW_BEI,1EBW,BEI
1EBW_None,1EBW,
1EBY_BEB,1EBY,BEB
1EBZ_BEC,1EBZ,BEC
1EC0_BED,1EC0,BED
1EQC_CTS,1EQC,CTS
1EQC_None,1EQC,
1FDH_None,1FDH,
1FL3_None,1FL3,
1FL3_SPB,1FL3,SPB
1FM6_BRL,1FM6,BRL
1FM9_570,1FM9,570
1G2K_NM1,1G2K,NM1
1G6T_S3P,1G6T,S3P
1GC5_ADP,1GC5,ADP
1H46_RNP,1H46,RNP
1HJO_ADP,1HJO,ADP
1HJO_None,1HJO,
1HT5_FL2,1HT5,FL2
1I7Z_COC,1I7Z,COC
1J1F_None,1J1F,
1J37_None,1J37,
1JG6_UDP,1JG6,UDP
1JG7_UDP,1JG7,UDP
1JOF_None,1JOF,
1JOF_PIN,1JOF,PIN
1KTA_PMP,1KTA,PMP
1KVL_THN,1KVL,THN
1L8B_MGP,1L8B,MGP
1M6W_12H,1M6W,12H
1MI4_S3P,1MI4,S3P
1NZD_UPG,1NZD,UPG
1NZF_UPG,1NZF,UPG
1O03_G16,1O03,G16
1O0H_ADP,1O0H,ADP
1O0N_U3P,1O0N,U3P
1OBO_FMN,1OBO,FMN
1OBO_None,1OBO,
1OKO_GAL,1OKO,GAL
1OYQ_T87,1OYQ,T87
1P2S_GNP,1P2S,GNP
1P2V_GNP,1P2V,GNP
1P2V_None,1P2V,
1PNO_NAP,1PNO,NAP
1PNO_None,1PNO,
1PNQ_NDP,1PNQ,NDP
1Q36_SKP,1Q36,SKP
1R0A_None,1R0A,
1R58_AO5,1R58,AO5
1RA7_GTP,1RA7,GTP
1SGU_MK1,1SGU,MK1
1T65_DHT,1T65,DHT
1T65_None,1T65,
1T8E_DCT,1T8E,DCT
1T8E_None,1T8E,
1TKE_None,1TKE,
1TX8_AM4,1TX8,AM4
1U1B_None,1U1B,
1U1B_PAX,1U1B,PAX
1U6Q_745,1U6Q,745
1U6Q_None,1U6Q,
1UA0_None,1UA0,
1VB3_KPA,1VB3,KPA
1WBK_568,1WBK,568
1WBM_BLL,1WBM,BLL
1WUW_None,1WUW,
1X8T_RC1,1X8T,RC1
1XL5_190,1XL5,190
1XV5_UDP,1XV5,UDP
1Z6E_IK8,1Z6E,IK8
1ZGY_BRL,1ZGY,BRL
1ZGY_None,1ZGY,
1ZW6_GNP,1ZW6,GNP
2A3I_C0R,2A3I,C0R
2A3I_None,2A3I,
2APC_UDM,2APC,UDM
2BOJ_ARW,2BOJ,ARW
2BOJ_FWD,2BOJ,FWD
2BOJ_None,2BOJ,
2BQV_A1A,2BQV,A1A
2BZA_ABN,2BZA,ABN
2CBA_None,2CBA,
2CVZ_NDP,2CVZ,NDP
2E4R_SAH,2E4R,SAH
2E5Y_ATP,2E5Y,ATP
2E89_ATP,2E89,ATP
2EGB_SAH,2EGB,SAH
2EGS_SAH,2EGS,SAH
2EK2_None,2EK2,
2EK2_SAH,2EK2,SAH
2EK4_SAH,2EK4,SAH
2EK7_SAH,2EK7,SAH
2EMR_SAH,2EMR,SAH
2ENI_SAH,2ENI,SAH
2EV9_SKM,2EV9,SKM
2FXD_DR7,2FXD,DR7
2FXD_None,2FXD,
2G0G_SP0,2G0G,SP0
2G6P_HM2,2G6P,HM2
2GGS_NDP,2GGS,NDP
2GY5_NDG,2GY5,NDG
2H3H_BGC,2H3H,BGC
2H42_VIA,2H42,VIA
2H44_7CA,2H44,7CA
2HD1_IBM,2HD1,IBM
2HUV_SAH,2HUV,SAH
2I0U_None,2I0U,
2I0U_TRT,2I0U,TRT
2ILZ_GTP,2ILZ,GTP
2ILZ_None,2ILZ,
2IM0_CTP,2IM0,CTP
2IM1_CTP,2IM1,CTP
2IM1_None,2IM1,
2IM2_UTP,2IM2,UTP
2JKI_ADP,2JKI,ADP
2JKI_None,2JKI,
2NUO_BGC,2NUO,BGC
2NUO_None,2NUO,
2O4C_NAD,2O4C,NAD
2OFI_None,2OFI,
2ONF_COA,2ONF,COA
2ONJ_ANP,2ONJ,ANP
2OU0_MR3,2OU0,MR3
2OU0_None,2OU0,
2OU5_FMN,2OU5,FMN
2OZ7_CA4,2OZ7,CA4
2P3U_663,2P3U,663
2P3U_None,2P3U,
2P5C_SAH,2P5C,SAH
2P5Y_NAD,2P5Y,NAD
2P6D_None,2P6D,
2P6D_SAH,2P6D,SAH
2P6I_SAH,2P6I,SAH
2P6K_SAH,2P6K,SAH
2PCA_SAH,2PCA,SAH
2PCG_None,2PCG,
2PCG_SAH,2PCG,SAH
2PCH_None,2PCH,
2PCH_SAH,2PCH,SAH
2PCI_None,2PCI,
2PCI_SAH,2PCI,SAH
2PFZ_PCA,2PFZ,PCA
2PQ9_GG9,2PQ9,GG9
2PQC_RC1,2PQC,RC1
2PQD_GG9,2PQD,GG9
2PQD_None,2PQD,
2Q1J_FXI,2Q1J,FXI
2Q92_B23,2Q92,B23
2Q93_B21,2Q93,B21
2Q93_None,2Q93,
2Q94_A04,2Q94,A04
2Q95_A05,2Q95,A05
2Q96_A18,2Q96,A18
2Q96_None,2Q96,
2QFQ_None,2QFQ,
2QFQ_S3P,2QFQ,S3P
2QFS_S3P,2QFS,S3P
2QYK_NPV,2QYK,NPV
2R43_G3G,2R43,G3G
2R43_None,2R43,
2RAY_258,2RAY,258
2RB1_261,2RB1,261
2RB1_None,2RB1,
2RBQ_263,2RBQ,263
2RBQ_263_h_fix,2RBQ,263_h_fix
2RBQ_None,2RBQ,
2UZ4_SAH,2UZ4,SAH
2VES_GVR,2VES,GVR
2VES_None,2VES,
2VG0_GPP,2VG0,GPP
2VML_CYC,2VML,CYC
2VML_None,2VML,
2VVB_None,2VVB,
2W26_None,2W26,
2W26_RIV,2W26,RIV
2W5R_GP9,2W5R,GP9
2W5R_None,2W5R,
2W5T_GP9,2W5T,GP9
2WC1_FMN,2WC1,FMN
2WC1_None,2WC1,
2WJH_GDP,2WJH,GDP
2X1T_RES,2X1T,RES
2X45_HSM,2X45,HSM
2X45_None,2X45,
2X8Z_X8Z,2X8Z,X8Z
2X96_None,2X96,
2X97_None,2X97,
2X97_RX4,2X97,RX4
2XE5_ASZ,2XE5,ASZ
2XEL_AD9,2XEL,AD9
2XEL_AD9_h_fix,2XEL,AD9_h_fix
2XEL_None,2XEL,
2XRS_GAL,2XRS,GAL
2Z4J_DHT,2Z4J,DHT
2ZSU_AG3,2ZSU,AG3
3A7T_4FZ,3A7T,4FZ
3A7X_None,3A7X,
3A7X_O09,3A7X,O09
3A86_O09,3A86,O09
3A8A_4FZ,3A8A,4FZ
3A8C_O09,3A8C,O09
3A8D_O09,3A8D,O09
3AR2_ACP,3AR2,ACP
3AR2_None,3AR2,
3AR3_ADP,3AR3,ADP
3AR3_None,3AR3,
3AR4_ATP,3AR4,ATP
3AR5_TM1,3AR5,TM1
3AR6_12D,3AR6,12D
3AR6_None,3AR6,
3AR7_128,3AR7,128
3AR7_None,3AR7,
3AR9_None,3AR9,
3AR9_TM1,3AR9,TM1
3B82_NAD,3B82,NAD
3B82_None,3B82,
3B8H_NAD,3B8H,NAD
3B8H_None,3B8H,
3BGC_LJH,3BGC,LJH
3BYO_AM9,3BYO,AM9
3BYO_K20,3BYO,K20
3BYO_None,3BYO,
3CIB_314,3CIB,314
3CIC_316,3CIC,316
3CID_318,3CID,318
3D6P_U2S,3D6P,U2S
3ESZ_FMN,3ESZ,FMN
3FG2_FAD,3FG2,FAD
3FG2_None,3FG2,
3FGD_BYA,3FGD,BYA
3FK0_S3P,3FK0,S3P
3G7X_HSM,3G7X,HSM
3GGX_GGX,3GGX,GGX
3GGX_None,3GGX,
3GI4_K60,3GI4,K60
3GW5_72X,3GW5,72X
3GW5_None,3GW5,
3GY4_PBZ,3GY4,PBZ
3HTB_JZ4,3HTB,JZ4
3HTB_None,3HTB,
3IAI_AZM,3IAI,AZM
3IDS_NAD,3IDS,NAD
3IOG_None,3IOG,
3IOG_SDF,3IOG,SDF
3IXB_None,3IXB,
3K2D_MET,3K2D,MET
3K8Y_GNP,3K8Y,GNP
3KQB_LGJ,3KQB,LGJ
3KQC_LGK,3KQC,LGK
3KQE_LGM,3KQE,LGM
3KQE_None,3KQE,
3KQJ_UD1,3KQJ,UD1
3KUC_GDP,3KUC,GDP
3L70_None,3L70,
3L71_AZO,3L71,AZO
3L71_None,3L71,
3L72_IKR,3L72,IKR
3L72_None,3L72,
3L73_JZZ,3L73,JZZ
3L73_None,3L73,
3L74_FMX,3L74,FMX
3L74_None,3L74,
3L75_None,3L75,
3L8Y_GNP,3L8Y,GNP
3LLM_ADP,3LLM,ADP
3MHP_FAD,3MHP,FAD
3MHP_None,3MHP,
3MKD_ADP,3MKD,ADP
3MKD_None,3MKD,
3MOZ_5IP,3MOZ,5IP
3MXF_None,3MXF,
3N8G_ACP,3N8G,ACP
3N8W_FLP,3N8W,FLP
3N8Y_DIF,3N8Y,DIF
3NU9_478,3NU9,478
3NU9_None,3NU9,
3O99_K13,3O99,K13
3O99_None,3O99,
3O9C_K20,3O9C,K20
3O9H_K2E,3O9H,K2E
3O9H_None,3O9H,
3OAF_OAG,3OAF,OAG
3OY4_017,3OY4,017
3OY4_None,3OY4,
3OZW_FAD,3OZW,FAD
3P3G_3P3,3P3G,3P3
3PCW_FBF,3PCW,FBF
3PFL_None,3PFL,
3PFL_OXM,3PFL,OXM
3PTB_BEN,3PTB,BEN
3QAM_ATP,3QAM,ATP
3QLH_MNK,3QLH,MNK
3QLS_GLY,3QLS,GLY
3QP8_HL0,3QP8,HL0
3QSY_GNP,3QSY,GNP
3RAB_GNP,3RAB,GNP
3RK8_None,3RK8,
3RK8_PYR,3RK8,PYR
3RS2_GNP,3RS2,GNP
3RS2_None,3RS2,
3RS3_GNP,3RS3,GNP
3RS5_GNP,3RS5,GNP
3RUT_59G,3RUT,59G
3RXA_SZ1,3RXA,SZ1
3RXB_ALG,3RXB,ALG
3RXB_None,3RXB,
3RXC_2AP,3RXC,2AP
3RXF_4AP,3RXF,4AP
3RXG_None,3RXG,
3RXG_SZ3,3RXG,SZ3
3RXH_HSM,3RXH,HSM
3RXL_None,3RXL,
3RXL_SZ9,3RXL,SZ9
3RXR_SZ1,3RXR,SZ1
3S9H_None,3S9H,
3SNN_DCP,3SNN,DCP
3SO9_017,3SO9,017
3SQ1_DUP,3SQ1,DUP
3SQ2_TTP,3SQ2,TTP
3SQ6_EPJ,3SQ6,EPJ
3SWA_None,3SWA,
3SWA_UD1,3SWA,UD1
3SWQ_EPU,3SWQ,EPU
3SWQ_None,3SWQ,
3TGU_None,3TGU,
3TUH_None,3TUH,
3TUH_TUH,3TUH,TUH
3UK4_None,3UK4,
3UK4_XXD,3UK4,XXD
3WG7_CHD,3WG7,CHD
3WG7_None,3WG7,
3X1Z_GNP,3X1Z,GNP
3X1Z_None,3X1Z,
4A4Q_None,4A4Q,
4A4Q_UX9,4A4Q,UX9
4A6C_None,4A6C,
4A6C_QG9,4A6C,QG9
4A6S_GS9,4A6S,GS9
4A6S_None,4A6S,
4AV5_CHD,4AV5,CHD
4AV5_FYZ,4AV5,FYZ
4AV5_None,4AV5,
4AZ2_9MU,4AZ2,9MU
4B6L_None,4B6L,
4BCW_None,4BCW,
4BCW_TU0,4BCW,TU0
4C7F_GC2,4C7F,GC2
4CA8_3ES,4CA8,3ES
4CA8_C3J,4CA8,C3J
4CA8_None,4CA8,
4CT9_AMP,4CT9,AMP
4DJE_None,4DJE,
4DO4_DJN,4DO4,DJN
4DO5_DGJ,4DO5,DGJ
4DO5_None,4DO5,
4DRM_0MC,4DRM,0MC
4E3S_QTP,4E3S,QTP
4E5M_NAP,4E5M,NAP
4E5M_None,4E5M,
4E5P_None,4E5P,
4EOK_4SP,4EOK,4SP
4EPY_GDP,4EPY,GDP
4EPY_None,4EPY,
4FKA_None,4FKA,
4FU8_2UP,4FU8,2UP
4FUD_6UP,4FUD,6UP
4FUD_None,4FUD,
4G41_MTA,4G41,MTA
4G41_None,4G41,
4GH6_LUO,4GH6,LUO
4GID_0GH,4GID,0GH
4GIH_0X5,4GIH,0X5
4GLO_NAD,4GLO,NAD
4HJ3_FMN,4HJ3,FMN
4HJ6_FMN,4HJ6,FMN
4HN1_TDR,4HN1,TDR
4HOE_GLY,4HOE,GLY
4HOE_LIG,4HOE,LIG
4HOE_None,4HOE,
4HOF_GLY,4HOF,GLY
4HOF_None,4HOF,
4HW3_19G,4HW3,19G
4HX2_1AX,4HX2,1AX
4I3Z_ADP,4I3Z,ADP
4ILX_1EZ,4ILX,1EZ
4IS9_LTF,4IS9,LTF
4ISH_1GE,4ISH,1GE
4ISI_1GG,4ISI,1GG
4ITM_ATP,4ITM,ATP
4J2D_None,4J2D,
4JJI_NAD,4JJI,NAD
4JUI_EGR,4JUI,EGR
4K11_0J9,4K11,0J9
4K13_ETS,4K13,ETS
4K13_None,4K13,
4K18_1OB,4K18,1OB
4KAP_1QV,4KAP,1QV
4KX6_FAD,4KX6,FAD
4L9I_8PR,4L9I,8PR
4LDJ_GDP,4LDJ,GDP
4LDJ_None,4LDJ,
4LXQ_None,4LXQ,
4LXQ_TYD,4LXQ,TYD
4MMP_None,4MMP,
4MMP_SLB,4MMP,SLB
4MSF_None,4MSF,
4N1N_None,4N1N,
4N1N_UNU,4N1N,UNU
4N1Q_None,4N1Q,
4N1Q_WM2,4N1Q,WM2
4NQG_CZH,4NQG,CZH
4NQG_None,4NQG,
4OGI_R78,4OGI,R78
4OGJ_2TA,4OGJ,2TA
4OUB_NAD,4OUB,NAD
4OZT_P1A,4OZT,P1A
4P6W_MOF,4P6W,MOF
4P6W_None,4P6W,
4PCT_H76,4PCT,H76
4PCT_None,4PCT,
4PFX_None,4PFX,
4PFX_UDP,4PFX,UDP
4PZZ_GDP,4PZZ,GDP
4PZZ_None,4PZZ,
4Q02_GDP,4Q02,GDP
4Q1W_017,4Q1W,017
4QSV_THM,4QSV,THM
4QSX_38S,4QSX,38S
4QU1_AKG,4QU1,AKG
4QU1_None,4QU1,
4R5B_3J4,4R5B,3J4
4RA3_TFX,4RA3,TFX
4RIF_3R2,4RIF,3R2
4RQU_NAD,4RQU,NAD
4RQU_None,4RQU,
4TMV_GSP,4TMV,GSP
4TTA_FMC,4TTA,FMC
4TTI_FMC,4TTI,FMC
4TU4_37N,4TU4,37N
4TX0_384,4TX0,384
4TX0_None,4TX0,
4U21_FWD,4U21,FWD
4UFX_NHW,4UFX,NHW
4UFX_None,4UFX,
4W52_BNZ,4W52,BNZ
4W52_None,4W52,
4W86_BGC,4W86,BGC
4W8D_3JA,4W8D,3JA
4W8E_3JB,4W8E,3JB
4WB7_ATP,4WB7,ATP
4XMT_DPP,4XMT,DPP
4XMT_None,4XMT,
4XMX_BES,4XMX,BES
4XMZ_DAB,4XMZ,DAB
4XN4_MET,4XN4,MET
4XN4_None,4XN4,
4XN7_DPP,4XN7,DPP
4XO4_MET,4XO4,MET
4XOB_KGM,4XOB,KGM
4XOU_ACP,4XOU,ACP
4XOU_None,4XOU,
4Y2W_ALA,4Y2W,ALA
4Y2W_None,4Y2W,
4Y41_46O,4Y41,46O
4Y41_None,4Y41,
4Y43_46T,4Y43,46T
4Y4E_46R,4Y4E,46R
4Y4E_None,4Y4E,
4Y4U_46V,4Y4U,46V
4Y4U_None,4Y4U,
4YHO_4CC,4YHO,4CC
4YHO_None,4YHO,
4Z1J_4KC,4Z1J,4KC
4Z1J_None,4Z1J,
4Z1K_4KB,4Z1K,4KB
4Z1Q_558,4Z1Q,558
4Z1S_559,4Z1S,559
4ZOW_CLM,4ZOW,CLM
4ZSG_4QX,4ZSG,4QX
5A0C_JJV,5A0C,JJV
5A27_MYA,5A27,MYA
5A27_None,5A27,
5A5Q_6XC,5A5Q,6XC
5AEN_DP8,5AEN,DP8
5B3S_CHD,5B3S,CHD
5B4O_6DQ,5B4O,6DQ
5B4O_None,5B4O,
5BQS_4VN,5BQS,4VN
5C1M_VF1,5C1M,VF1
5C4O_4F1,5C4O,4F1
5C4S_4Y5,5C4S,4Y5
5C4S_None,5C4S,
5CCN_4ZZ,5CCN,4ZZ
5CCQ_502,5CCQ,502
5CG9_5CM,5CG9,5CM
5CG9_AKG,5CG9,AKG
5CG9_None,5CG9,
5CIY_None,5CIY,
5CLU_None,5CLU,
5CLU_S8A,5CLU,S8A
5CQA_2LY,5CQA,2LY
5CQA_None,5CQA,
5DQ1_5HL,5DQ1,5HL
5DQ1_None,5DQ1,
5E28_BC5,5E28,BC5
5E2K_BX4,5E2K,BX4
5E2K_None,5E2K,
5E41_AUL,5E41,AUL
5E95_GDP,5E95,GDP
5E95_None,5E95,
5E9I_F60,5E9I,F60
5E9K_5KX,5E9K,5KX
5E9K_None,5E9K,
5F1A_SAL,5F1A,SAL
5F36_5UE,5F36,5UE
5G20_MYA,5G20,MYA
5GT4_2KB,5GT4,2KB
5H9I_XAN,5H9I,XAN
5HCL_5Y9,5HCL,5Y9
5HJO_DGO,5HJO,DGO
5HNU_NAP,5HNU,NAP
5HNU_None,5HNU,
5HW8_FK5,5HW8,FK5
5HZN_66A,5HZN,66A
5I7Y_69G,5I7Y,69G
5ICF_None,5ICF,
5ICF_SAH,5ICF,SAH
5IS4_6LY,5IS4,6LY
5ISJ_6LE,5ISJ,6LE
5J20_6FJ,5J20,6FJ
5J20_None,5J20,
5J4T_MBG,5J4T,MBG
5JE7_EVF,5JE7,EVF
5JG5_EVF,5JG5,EVF
5JG5_None,5JG5,
5JGS_EVF,5JGS,EVF
5JN7_6LU,5JN7,6LU
5JVL_6NQ,5JVL,6NQ
5JVZ_FLP,5JVZ,FLP
5JVZ_None,5JVZ,
5K6J_6QQ,5K6J,6QQ
5K6J_None,5K6J,
5KB6_ADN,5KB6,ADN
5KB6_None,5KB6,
5KQY_017,5KQY,017
5KQY_None,5KQY,
5KR1_017,5KR1,017
5KU8_6XK,5KU8,6XK
5L66_BO2,5L66,BO2
5L66_None,5L66,
5L7V_GNL,5L7V,GNL
5L8T_6RR,5L8T,6RR
5L96_6RZ,5L96,6RZ
5L97_6RW,5L97,6RW
5L97_None,5L97,
5LJQ_ANV,5LJQ,ANV
5LL4_6YH,5LL4,6YH
5LL4_None,5LL4,
5LUD_76X,5LUD,76X
5LWP_79U,5LWP,79U
5LWP_None,5LWP,
5LZG_7BN,5LZG,7BN
5LZG_None,5LZG,
5LZH_7BN,5LZH,7BN
5LZI_7DB,5LZI,7DB
5LZI_None,5LZI,
5M2B_7DX,5M2B,7DX
5MHA_NDP,5MHA,NDP
5NIT_FAD,5NIT,FAD
5OK1_B16,5OK1,B16
5OK3_M77,5OK3,M77
5QBL_D9D,5QBL,D9D
5QBL_None,5QBL,
5R4X_K3D,5R4X,K3D
5R4Z_GWA,5R4Z,GWA
5ROP_47E,5ROP,47E
5ROP_None,5ROP,
5TCC_J56,5TCC,J56
5TCC_None,5TCC,
5TEX_7AU,5TEX,7AU
5TQZ_None,5TQZ,
5U35_MXE,5U35,MXE
5U35_None,5U35,
5U3D_MRY,5U3D,MRY
5UEP_88P,5UEP,88P
5UER_87P,5UER,87P
5UER_None,5UER,
5UES_87S,5UES,87S
5UES_None,5UES,
5UET_87V,5UET,87V
5UEZ_89G,5UEZ,89G
5UEZ_None,5UEZ,
5UJX_FOL,5UJX,FOL
5UJX_FOL_1_clean,5UJX,FOL_1_clean
5UJX_None,5UJX,
5X19_CHD,5X19,CHD
5X1F_CHD,5X1F,CHD
5X1F_None,5X1F,
5XA8_ADP,5XA8,ADP
5YP5_4CZ,5YP5,4CZ
5Z84_CHD,5Z84,CHD
5Z86_CHD,5Z86,CHD
5Z86_None,5Z86,
5ZDB_AR6,5ZDB,AR6
5ZDB_None,5ZDB,
5ZFK_HBI,5ZFK,HBI
5ZVP_GDP,5ZVP,GDP
6A5X_9R3,6A5X,9R3
6A5Y_9R0,6A5Y,9R0
6AG7_H55,6AG7,H55
6AY3_C3J,6AY3,C3J
6B3C_CKS,6B3C,CKS
6B3C_None,6B3C,
6B3F_CKV,6B3F,CKV
6B83_6NA,6B83,6NA
6BQA_67C,6BQA,67C
6BUN_None,6BUN,
6BUR_BR8,6BUR,BR8
6BXI_ANP,6BXI,ANP
6BXI_None,6BXI,
6C7D_EOJ,6C7D,EOJ
6C7E_EOG,6C7E,EOG
6C7I_EP7,6C7I,EP7
6CVL_AGS,6CVL,AGS
6D5W_GNP,6D5W,GNP
6DBC_G3J,6DBC,G3J
6DH0_017,6DH0,017
6DH1_K13,6DH1,K13
6DH1_None,6DH1,
6DH2_A60,6DH2,A60
6DH3_017,6DH3,017
6DH4_K13,6DH4,K13
6DH5_A60,6DH5,A60
6DH6_017,6DH6,017
6DH7_K13,6DH7,K13
6DH7_None,6DH7,
6DH8_A60,6DH8,A60
6DH8_None,6DH8,
6DWS_HFY,6DWS,HFY
6EPU_BQH,6EPU,BQH
6EPX_BQW,6EPX,BQW
6EPX_None,6EPX,
6F57_None,6F57,
6FA1_GNP,6FA1,GNP
6FA3_GNP,6FA3,GNP
6FA3_None,6FA3,
6FK6_DOK,6FK6,DOK
6FKB_DLH,6FKB,DLH
6FKB_None,6FKB,
6G2R_EJK,6G2R,EJK
6GOG_GNP,6GOG,GNP
6GOG_None,6GOG,
6GPA_GAL,6GPA,GAL
6H9B_GDP,6H9B,GDP
6H9B_None,6H9B,
6HIA_G7N,6HIA,G7N
6HIA_None,6HIA,
6INW_SAM,6INW,SAM
6JJ3_None,6JJ3,
6JJ3_UNL,6JJ3,UNL
6JYQ_EAU,6JYQ,EAU
6KAE_2FU,6KAE,2FU
6KK0_M36,6KK0,M36
6KK0_None,6KK0,
6KQQ_DW9,6KQQ,DW9
6KQQ_None,6KQQ,
6L04_32I,6L04,32I
6LX5_C5F,6LX5,C5F
6LX5_None,6LX5,
6MBV_NIO,6MBV,NIO
6MBY_FER,6MBY,FER
6OPS_017,6OPS,017
6OPT_017,6OPT,017
6OPV_017,6OPV,017
6OPW_017,6OPW,017
6OPY_017,6OPY,017
6OPZ_017,6OPZ,017
6OY1_NJ1,6OY1,NJ1
6OY1_None,6OY1,
6OY2_NJJ,6OY2,NJJ
6Q27_BM3,6Q27,BM3
6Q27_None,6Q27,
6Q3U_ARG,6Q3U,ARG
6Q3X_HFK,6Q3X,HFK
6Q3X_None,6Q3X,
6Q60_HJH,6Q60,HJH
6QBH_S43,6QBH,S43
6QFG_J08,6QFG,J08
6QS5_JGB,6QS5,JGB
6QS5_None,6QS5,
6QU0_FMN,6QU0,FMN
6RMX_5DU,6RMX,5DU
6SCK_DAR,6SCK,DAR
6SCK_None,6SCK,
6TUK_BU3,6TUK,BU3
6TX4_HRZ,6TX4,HRZ
6TX4_None,6TX4,
6TX5_4MZ,6TX5,4MZ
6TX6_NCA,6TX6,NCA
6TX6_None,6TX6,
6TX7_V1L,6TX7,V1L
6XHF_None,6XHF,
6XHF_V2S,6XHF,V2S
6Y2O_O72,6Y2O,O72
6Z4W_ADP_noH,6Z4W,ADP_noH
6Z4W_None,6Z4W,
7A1X_None,7A1X,
7A1X_QWB,7A1X,QWB
7A4Q_QY2,7A4Q,QY2
7AIF_None,7AIF,
7AII_None,7AII,
7AZN_None,7AZN,
7AZN_YK8,7AZN,YK8
7BQV_F4U,7BQV,F4U
7C3V_NAP,7C3V,NAP
7C3V_None,7C3V,
7CI9_FYL,7CI9,FYL
7CMS_9E0,7CMS,9E0
7D5X_CHD,7D5X,CHD
7D5X_None,7D5X,
7DH3_H7C,7DH3,H7C
7DH3_None,7DH3,
7DH9_H7F,7DH9,H7F
7DH9_None,7DH9,
7DHN_H7R,7DHN,H7R
7DMC_H9F,7DMC,H9F
7E00_None,7E00,
7E00_PRO,7E00,PRO
7E66_HY6,7E66,HY6
7E66_None,7E66,
7EFW_CYC,7EFW,CYC
7ENZ_LDR,7ENZ,LDR
7GHQ_OYX,7GHQ,OYX
7GRS_NT9,7GRS,NT9
7GRS_None,7GRS,
7KRG_NAP,7KRG,NAP
7KRG_None,7KRG,
7KXP_X9V,7KXP,X9V
7L4C_SAH,7L4C,SAH
7L4H_SAH,7L4H,SAH
7LDY_DJR,7LDY,DJR
7LGK_None,7LGK,
7LGK_XZ7,7LGK,XZ7
7LMO_NYO,7LMO,NYO
7LMQ_9ZW,7LMQ,9ZW
7M0M_YK1,7M0M,YK1
7M8R_W6X,7M8R,W6X
7MA0_NJM,7MA0,NJM
7MA0_None,7MA0,
7MA1_065,7MA1,065
7MA2_None,7MA2,
7MA2_XUY,7MA2,XUY
7MA3_K14,7MA3,K14
7MA4_K2A,7MA4,K2A
7MA4_None,7MA4,
7MA5_K20,7MA5,K20
7MA7_K2D,7MA7,K2D
7MA8_F53,7MA8,F53
7MA9_K2E,7MA9,K2E
7MAA_A61,7MAA,A61
7NLM_None,7NLM,
7NLM_UHE,7NLM,UHE
7O0E_GLY,7O0E,GLY
7OLI_8HG,7OLI,8HG
7Q6V_95O,7Q6V,95O
7Q6W_93L,7Q6W,93L
7TD8_AGG,7TD8,AGG
7TLE_GDP,7TLE,GDP
7TLE_None,7TLE,
7U2Z_L7C,7U2Z,L7C
7U2Z_None,7U2Z,
7U31_L7I,7U31,L7I
7U31_None,7U31,
7UAH_NZ5,7UAH,NZ5
7VDO_NAP,7VDO,NAP
7VE7_NAP,7VE7,NAP
7VM7_7RF,7VM7,7RF
7VM7_None,7VM7,
7W1I_C8X,7W1I,C8X
7W1I_FMN,7W1I,FMN
7W1I_None,7W1I,
7WA2_RKX,7WA2,RKX
7WB6_F5R,7WB6,F5R
7WBS_8LT,7WBS,8LT
7WBS_None,7WBS,
7XF7_NDG,7XF7,NDG
7XF8_NDG,7XF8,NDG
7ZFV_IJR,7ZFV,IJR
8BAQ_NAD,8BAQ,NAD
8BAQ_None,8BAQ,
8C0Q_SWU,8C0Q,SWU
8C0R_SXL,8C0R,SXL
8C6O_None,8C6O,
8CX5_GDP,8CX5,GDP
8EIP_7ID,8EIP,7ID
8FG3_GNP,8FG3,GNP
8FG4_GNP,8FG4,GNP
8FSI_SAM,8FSI,SAM
8FWA_CYC,8FWA,CYC
8G69_YXN,8G69,YXN
8H81_HYP,8H81,HYP
8HFN_None,8HFN,
8HFN_XGC,8HFN,XGC
8HUS_7YY,8HUS,7YY
8HUX_7YY,8HUX,7YY
8HWP_BUA,8HWP,BUA
8HWP_None,8HWP,
8JEA_MAN,8JEA,MAN
8QVE_FAD,8QVE,FAD
8QVE_None,8QVE,
8SNZ_FMN,8SNZ,FMN
8SNZ_None,8SNZ,
8U2E_UP9,8U2E,UP9
BRD4_None,BRD4,
BRD4_UNL,BRD4,UNL
